Workbook

Sheet README
A1: ChargeProof MRV – hand calculation (5 sessions, one night)
A2: Purpose: reference calculation for Methodology v1.0. The Python engine must reproduce the numbers on the 'Results' sheet exactly.
A3: All data in this file is ILLUSTRATIVE (synthetic depot, synthetic prices and emission factors). Replace with real data before any external use.
A5: Legend
A6: Blue text = input you can change (measured data or schedule)
A7: Black text = formula – do not overwrite
A8: Green text = link to another sheet
A9: Yellow fill = key assumption / placeholder to replace with a sourced value
A11: Sheets
A12: Inputs – interval length, tariff, demand charge, annual emission factor, connection limit
A13: Sessions – 5 charging sessions; baseline power (rule 4), baseline duration, feasibility (rule 5), actual managed schedule
A14: Intervals – 64 × 15-minute intervals (16:00–08:00): actual and baseline energy per session, site load, shift
... A19: Demonstrated: rule 4 (Van-04 uses observed 16 kW, not 22 kW nameplate), rule 5 (Van-05 baseline infeasible → actual profile used, no saving claimed).

Sheet Inputs
A1: Inputs and assumptions
A3: Parameter | B3: Value | C3: Unit | D3: Source / note
A4: Interval length Δt | B4: 0.25 | C4: h | D4: Methodology §4: 15-minute intervals
A5: Demand charge λ (Leistungspreis) | B5: 100 | C5: €/kW per year | D5: ILLUSTRATIVE placeholder – replace with the customer’s grid fee sheet
A6: Reporting period length m | B6: 1 | C6: months | D6: Illustrative: one night evaluated as if it were the month’s peak
A7: Annual emission factor F | B7: 0.38 | C7: kg CO2e/kWh | D7: ILLUSTRATIVE placeholder – replace with latest published UBA German electricity mix factor
A8: Grid connection limit | B8: 60 | C8: kW | D8: Illustrative depot connection; information only
A9: Tiny tolerance for time comparisons | B9: 1e-07 | C9: days | D9: Avoids floating-point issues when end time equals plug-out time

Sheet Sessions
A1: Charging sessions (illustrative)
A3: Session | B3: Vehicle | C3: Plug-in | D3: Plug-out | E3: Energy delivered E_i (kWh) | F3: Charger rating (kW) | G3: Vehicle limit (kW) | H3: Observed max in period (kW) | I3: Baseline power P_i (kW) – rule 4 | J3: Baseline duration τ_i (h) | K3: Baseline end | L3: Baseline feasible? (rule 5) | M3: Actual start (managed) | N3: Actual power (kW) | O3: Actual end | P3: Actual within plug window? | Q3: Note
A4: S1 | B4: Van-01 | C4: 46307.688 | D4: 46308.271 | E4: 40 | F4: 22 | G4: 11 | H4: 11 | I4: =MIN(F4,G4,H4) -> 11 | J4: =E4/I4 -> 3.6363636 | K4: =C4+J4/24 -> 46307.839 | L4: =IF(K4<=D4+Inputs!$B$9,"Yes","No (rule 5)") -> Yes | M4: 46307.917 | N4: 6 | O4: =M4+E4/N4/24 -> 46308.194 | P4: =IF(AND(M4>=C4-Inputs!$B$9,O4<=D4+Inputs!$B$9),"OK","Check") -> OK | Q4: Typical night session
A5: S2 | B5: Van-02 | C5: 46307.708 | D5: 46308.292 | E5: 35 | F5: 11 | G5: 11 | H5: 11 | I5: =MIN(F5,G5,H5) -> 11 | J5: =E5/I5 -> 3.1818182 | K5: =C5+J5/24 -> 46307.841 | L5: =IF(K5<=D5+Inputs!$B$9,"Yes","No (rule 5)") -> Yes | M5: 46307.958 | N5: 6 | O5: =M5+E5/N5/24 -> 46308.201 | P5: =IF(AND(M5>=C5-Inputs!$B$9,O5<=D5+Inputs!$B$9),"OK","Check") -> OK
A6: S3 | B6: Van-03 | C6: 46307.719 | D6: 46308.25 | E6: 30 | F6: 11 | G6: 7.4 | H6: 7.4 | I6: =MIN(F6,G6,H6) -> 7.4 | J6: =E6/I6 -> 4.0540541 | K6: =C6+J6/24 -> 46307.888 | L6: =IF(K6<=D6+Inputs!$B$9,"Yes","No (rule 5)") -> Yes | M6: 46307.833 | N6: 5 | O6: =M6+E6/N6/24 -> 46308.083 | P6: =IF(AND(M6>=C6-Inputs!$B$9,O6<=D6+Inputs!$B$9),"OK","Check") -> OK | Q6: Vehicle limit 7.4 kW sets baseline power
A7: S4 | B7: Van-04 | C7: 46307.75 | D7: 46308.312 | E7: 45 | F7: 22 | G7: 22 | H7: 16 | I7: =MIN(F7,G7,H7) -> 16 | J7: =E7/I7 -> 2.8125 | K7: =C7+J7/24 -> 46307.867 | L7: =IF(K7<=D7+Inputs!$B$9,"Yes","No (rule 5)") -> Yes | M7: 46308 | N7: 8 | O7: =M7+E7/N7/24 -> 46308.234 | P7: =IF(AND(M7>=C7-Inputs!$B$9,O7<=D7+Inputs!$B$9),"OK","Check") -> OK | Q7: Rule 4: observed max 16 kW used instead of 22 kW nameplate
A8: S5 | B8: Van-05 | C8: 46307.792 | D8: 46307.896 | E8: 12 | F8: 11 | G8: 4.6 | H8: 4.8 | I8: =MIN(F8,G8,H8) -> 4.6 | J8: =E8/I8 -> 2.6086957 | K8: =C8+J8/24 -> 46307.9 | L8: =IF(K8<=D8+Inputs!$B$9,"Yes","No (rule 5)") -> No (rule 5) | M8: 46307.792 | N8: 4.8 | O8: =M8+E8/N8/24 -> 46307.896 | P8: =IF(AND(M8>=C8-Inputs!$B$9,O8<=D8+Inputs!$B$9),"OK","Check") -> OK | Q8: Rule 5: data-sheet limit 4.6 kW makes baseline infeasible → actual profile used

Sheet Intervals
A1: 15-minute intervals, 12.10.2026 16:00 – 13.10.2026 08:00 (illustrative)
A3: k | B3: Start | C3: End | D3: Price π_k (€/kWh) | E3: Hourly factor f_k (kg/kWh) | F3: Grid meter M_k (kWh) | G3: Actual S1 (kWh) | H3: Actual S2 (kWh) | I3: Actual S3 (kWh) | J3: Actual S4 (kWh) | K3: Actual S5 (kWh) | L3: Baseline S1 (kWh) | M3: Baseline S2 (kWh) | N3: Baseline S3 (kWh) | O3: Baseline S4 (kWh) | P3: Baseline S5 (kWh) | Q3: EV actual (kWh) | R3: EV baseline (kWh) | S3: Other load O_k (kWh) | T3: Site power actual S^A (kW) | U3: Site power baseline S^B (kW) | V3: Energy shifted (kWh)
A4: 1 | B4: 46307.667 | C4: =B4+1/96 -> 46307.677 | D4: 0.32 | E4: 0.45 | F4: 1.5 | G4: =Sessions!$N$4*MAX(0,MIN($C4,Sessions!$O$4)-MAX($B4,Sessions!$M$4))*24 -> 0 | H4: =Sessions!$N$5*MAX(0,MIN($C4,Sessions!$O$5)-MAX($B4,Sessions!$M$5))*24 -> 0 | I4: =Sessions!$N$6*MAX(0,MIN($C4,Sessions!$O$6)-MAX($B4,Sessions!$M$6))*24 -> 0 | J4: =Sessions!$N$7*MAX(0,MIN($C4,Sessions!$O$7)-MAX($B4,Sessions!$M$7))*24 -> 0 | K4: =Sessions!$N$8*MAX(0,MIN($C4,Sessions!$O$8)-MAX($B4,Sessions!$M$8))*24 -> 0 | L4: =IF(Sessions!$L$4="Yes",Sessions!$I$4*MAX(0,MIN($C4,Sessions!$K$4)-MAX($B4,Sessions!$C$4))*24,G4) -> 0 | M4: =IF(Sessions!$L$5="Yes",Sessions!$I$5*MAX(0,MIN($C4,Sessions!$K$5)-MAX($B4,Sessions!$C$5))*24,H4) -> 0 | N4: =IF(Sessions!$L$6="Yes",Sessions!$I$6*MAX(0,MIN($C4,Sessions!$K$6)-MAX($B4,Sessions!$C$6))*24,I4) -> 0 | O4: =IF(Sessions!$L$7="Yes",Sessions!$I$7*MAX(0,MIN($C4,Sessions!$K$7)-MAX($B4,Sessions!$C$7))*24,J4) -> 0 | P4: =IF(Sessions!$L$8="Yes",Sessions!$I$8*MAX(0,MIN($C4,Sessions!$K$8)-MAX($B4,Sessions!$C$8))*24,K4) -> 0 | Q4: =SUM(G4:K4) -> 0 | R4: =SUM(L4:P4) -> 0 | S4: =MAX(0,F4-Q4) -> 1.5 | T4: =F4/Inputs!$B$4 -> 6 | U4: =(S4+R4)/Inputs!$B$4 -> 6 | V4: =MAX(0,R4-Q4) -> 0
A5: 2 | B5: 46307.677 | C5: =B5+1/96 -> 46307.688 | D5: 0.32 | E5: 0.45 | F5: 1.5 | G5: =Sessions!$N$4*MAX(0,MIN($C5,Sessions!$O$4)-MAX($B5,Sessions!$M$4))*24 -> 0 | H5: =Sessions!$N$5*MAX(0,MIN($C5,Sessions!$O$5)-MAX($B5,Sessions!$M$5))*24 -> 0 | I5: =Sessions!$N$6*MAX(0,MIN($C5,Sessions!$O$6)-MAX($B5,Sessions!$M$6))*24 -> 0 | J5: =Sessions!$N$7*MAX(0,MIN($C5,Sessions!$O$7)-MAX($B5,Sessions!$M$7))*24 -> 0 | K5: =Sessions!$N$8*MAX(0,MIN($C5,Sessions!$O$8)-MAX($B5,Sessions!$M$8))*24 -> 0 | L5: =IF(Sessions!$L$4="Yes",Sessions!$I$4*MAX(0,MIN($C5,Sessions!$K$4)-MAX($B5,Sessions!$C$4))*24,G5) -> 0 | M5: =IF(Sessions!$L$5="Yes",Sessions!$I$5*MAX(0,MIN($C5,Sessions!$K$5)-MAX($B5,Sessions!$C$5))*24,H5) -> 0 | N5: =IF(Sessions!$L$6="Yes",Sessions!$I$6*MAX(0,MIN($C5,Sessions!$K$6)-MAX($B5,Sessions!$C$6))*24,I5) -> 0 | O5: =IF(Sessions!$L$7="Yes",Sessions!$I$7*MAX(0,MIN($C5,Sessions!$K$7)-MAX($B5,Sessions!$C$7))*24,J5) -> 0 | P5: =IF(Sessions!$L$8="Yes",Sessions!$I$8*MAX(0,MIN($C5,Sessions!$K$8)-MAX($B5,Sessions!$C$8))*24,K5) -> 0 | Q5: =SUM(G5:K5) -> 0 | R5: =SUM(L5:P5) -> 0 | S5: =MAX(0,F5-Q5) -> 1.5 | T5: =F5/Inputs!$B$4 -> 6 | U5: =(S5+R5)/Inputs!$B$4 -> 6 | V5: =MAX(0,R5-Q5) -> 0
A6: 3 | B6: 46307.688 | C6: =B6+1/96 -> 46307.698 | D6: 0.32 | E6: 0.45 | F6: 1.5 | G6: =Sessions!$N$4*MAX(0,MIN($C6,Sessions!$O$4)-MAX($B6,Sessions!$M$4))*24 -> 0 | H6: =Sessions!$N$5*MAX(0,MIN($C6,Sessions!$O$5)-MAX($B6,Sessions!$M$5))*24 -> 0 | I6: =Sessions!$N$6*MAX(0,MIN($C6,Sessions!$O$6)-MAX($B6,Sessions!$M$6))*24 -> 0 | J6: =Sessions!$N$7*MAX(0,MIN($C6,Sessions!$O$7)-MAX($B6,Sessions!$M$7))*24 -> 0 | K6: =Sessions!$N$8*MAX(0,MIN($C6,Sessions!$O$8)-MAX($B6,Sessions!$M$8))*24 -> 0 | L6: =IF(Sessions!$L$4="Yes",Sessions!$I$4*MAX(0,MIN($C6,Sessions!$K$4)-MAX($B6,Sessions!$C$4))*24,G6) -> 2.75 | M6: =IF(Sessions!$L$5="Yes",Sessions!$I$5*MAX(0,MIN($C6,Sessions!$K$5)-MAX($B6,Sessions!$C$5))*24,H6) -> 0 | N6: =IF(Sessions!$L$6="Yes",Sessions!$I$6*MAX(0,MIN($C6,Sessions!$K$6)-MAX($B6,Sessions!$C$6))*24,I6) -> 0 | O6: =IF(Sessions!$L$7="Yes",Sessions!$I$7*MAX(0,MIN($C6,Sessions!$K$7)-MAX($B6,Sessions!$C$7))*24,J6) -> 0 | P6: =IF(Sessions!$L$8="Yes",Sessions!$I$8*MAX(0,MIN($C6,Sessions!$K$8)-MAX($B6,Sessions!$C$8))*24,K6) -> 0 | Q6: =SUM(G6:K6) -> 0 | R6: =SUM(L6:P6) -> 2.75 | S6: =MAX(0,F6-Q6) -> 1.5 | T6: =F6/Inputs!$B$4 -> 6 | U6: =(S6+R6)/Inputs!$B$4 -> 17 | V6: =MAX(0,R6-Q6) -> 2.75
A7: 4 | B7: 46307.698 | C7: =B7+1/96 -> 46307.708 | D7: 0.32 | E7: 0.45 | F7: 1.5 | G7: =Sessions!$N$4*MAX(0,MIN($C7,Sessions!$O$4)-MAX($B7,Sessions!$M$4))*24 -> 0 | H7: =Sessions!$N$5*MAX(0,MIN($C7,Sessions!$O$5)-MAX($B7,Sessions!$M$5))*24 -> 0 | I7: =Sessions!$N$6*MAX(0,MIN($C7,Sessions!$O$6)-MAX($B7,Sessions!$M$6))*24 -> 0 | J7: =Sessions!$N$7*MAX(0,MIN($C7,Sessions!$O$7)-MAX($B7,Sessions!$M$7))*24 -> 0 | K7: =Sessions!$N$8*MAX(0,MIN($C7,Sessions!$O$8)-MAX($B7,Sessions!$M$8))*24 -> 0 | L7: =IF(Sessions!$L$4="Yes",Sessions!$I$4*MAX(0,MIN($C7,Sessions!$K$4)-MAX($B7,Sessions!$C$4))*24,G7) -> 2.75 | M7: =IF(Sessions!$L$5="Yes",Sessions!$I$5*MAX(0,MIN($C7,Sessions!$K$5)-MAX($B7,Sessions!$C$5))*24,H7) -> 0 | N7: =IF(Sessions!$L$6="Yes",Sessions!$I$6*MAX(0,MIN($C7,Sessions!$K$6)-MAX($B7,Sessions!$C$6))*24,I7) -> 0 | O7: =IF(Sessions!$L$7="Yes",Sessions!$I$7*MAX(0,MIN($C7,Sessions!$K$7)-MAX($B7,Sessions!$C$7))*24,J7) -> 0 | P7: =IF(Sessions!$L$8="Yes",Sessions!$I$8*MAX(0,MIN($C7,Sessions!$K$8)-MAX($B7,Sessions!$C$8))*24,K7) -> 0 | Q7: =SUM(G7:K7) -> 0 | R7: =SUM(L7:P7) -> 2.75 | S7: =MAX(0,F7-Q7) -> 1.5 | T7: =F7/Inputs!$B$4 -> 6 | U7: =(S7+R7)/Inputs!$B$4 -> 17 | V7: =MAX(0,R7-Q7) -> 2.75
A8: 5 | B8: 46307.708 | C8: =B8+1/96 -> 46307.719 | D8: 0.32 | E8: 0.45 | F8: 1.5 | G8: =Sessions!$N$4*MAX(0,MIN($C8,Sessions!$O$4)-MAX($B8,Sessions!$M$4))*24 -> 0 | H8: =Sessions!$N$5*MAX(0,MIN($C8,Sessions!$O$5)-MAX($B8,Sessions!$M$5))*24 -> 0 | I8: =Sessions!$N$6*MAX(0,MIN($C8,Sessions!$O$6)-MAX($B8,Sessions!$M$6))*24 -> 0 | J8: =Sessions!$N$7*MAX(0,MIN($C8,Sessions!$O$7)-MAX($B8,Sessions!$M$7))*24 -> 0 | K8: =Sessions!$N$8*MAX(0,MIN($C8,Sessions!$O$8)-MAX($B8,Sessions!$M$8))*24 -> 0 | L8: =IF(Sessions!$L$4="Yes",Sessions!$I$4*MAX(0,MIN($C8,Sessions!$K$4)-MAX($B8,Sessions!$C$4))*24,G8) -> 2.75 | M8: =IF(Sessions!$L$5="Yes",Sessions!$I$5*MAX(0,MIN($C8,Sessions!$K$5)-MAX($B8,Sessions!$C$5))*24,H8) -> 2.75 | N8: =IF(Sessions!$L$6="Yes",Sessions!$I$6*MAX(0,MIN($C8,Sessions!$K$6)-MAX($B8,Sessions!$C$6))*24,I8) -> 0 | O8: =IF(Sessions!$L$7="Yes",Sessions!$I$7*MAX(0,MIN($C8,Sessions!$K$7)-MAX($B8,Sessions!$C$7))*24,J8) -> 0 | P8: =IF(Sessions!$L$8="Yes",Sessions!$I$8*MAX(0,MIN($C8,Sessions!$K$8)-MAX($B8,Sessions!$C$8))*24,K8) -> 0 | Q8: =SUM(G8:K8) -> 0 | R8: =SUM(L8:P8) -> 5.5 | S8: =MAX(0,F8-Q8) -> 1.5 | T8: =F8/Inputs!$B$4 -> 6 | U8: =(S8+R8)/Inputs!$B$4 -> 28 | V8: =MAX(0,R8-Q8) -> 5.5
A9: 6 | B9: 46307.719 | C9: =B9+1/96 -> 46307.729 | D9: 0.32 | E9: 0.45 | F9: 1.5 | G9: =Sessions!$N$4*MAX(0,MIN($C9,Sessions!$O$4)-MAX($B9,Sessions!$M$4))*24 -> 0 | H9: =Sessions!$N$5*MAX(0,MIN($C9,Sessions!$O$5)-MAX($B9,Sessions!$M$5))*24 -> 0 | I9: =Sessions!$N$6*MAX(0,MIN($C9,Sessions!$O$6)-MAX($B9,Sessions!$M$6))*24 -> 0 | J9: =Sessions!$N$7*MAX(0,MIN($C9,Sessions!$O$7)-MAX($B9,Sessions!$M$7))*24 -> 0 | K9: =Sessions!$N$8*MAX(0,MIN($C9,Sessions!$O$8)-MAX($B9,Sessions!$M$8))*24 -> 0 | L9: =IF(Sessions!$L$4="Yes",Sessions!$I$4*MAX(0,MIN($C9,Sessions!$K$4)-MAX($B9,Sessions!$C$4))*24,G9) -> 2.75 | M9: =IF(Sessions!$L$5="Yes",Sessions!$I$5*MAX(0,MIN($C9,Sessions!$K$5)-MAX($B9,Sessions!$C$5))*24,H9) -> 2.75 | N9: =IF(Sessions!$L$6="Yes",Sessions!$I$6*MAX(0,MIN($C9,Sessions!$K$6)-MAX($B9,Sessions!$C$6))*24,I9) -> 1.85 | O9: =IF(Sessions!$L$7="Yes",Sessions!$I$7*MAX(0,MIN($C9,Sessions!$K$7)-MAX($B9,Sessions!$C$7))*24,J9) -> 0 | P9: =IF(Sessions!$L$8="Yes",Sessions!$I$8*MAX(0,MIN($C9,Sessions!$K$8)-MAX($B9,Sessions!$C$8))*24,K9) -> 0 | Q9: =SUM(G9:K9) -> 0 | R9: =SUM(L9:P9) -> 7.35 | S9: =MAX(0,F9-Q9) -> 1.5 | T9: =F9/Inputs!$B$4 -> 6 | U9: =(S9+R9)/Inputs!$B$4 -> 35.4 | V9: =MAX(0,R9-Q9) -> 7.35
A10: 7 | B10: 46307.729 | C10: =B10+1/96 -> 46307.74 | D10: 0.32 | E10: 0.45 | F10: 1.5 | G10: =Sessions!$N$4*MAX(0,MIN($C10,Sessions!$O$4)-MAX($B10,Sessions!$M$4))*24 -> 0 | H10: =Sessions!$N$5*MAX(0,MIN($C10,Sessions!$O$5)-MAX($B10,Sessions!$M$5))*24 -> 0 | I10: =Sessions!$N$6*MAX(0,MIN($C10,Sessions!$O$6)-MAX($B10,Sessions!$M$6))*24 -> 0 | J10: =Sessions!$N$7*MAX(0,MIN($C10,Sessions!$O$7)-MAX($B10,Sessions!$M$7))*24 -> 0 | K10: =Sessions!$N$8*MAX(0,MIN($C10,Sessions!$O$8)-MAX($B10,Sessions!$M$8))*24 -> 0 | L10: =IF(Sessions!$L$4="Yes",Sessions!$I$4*MAX(0,MIN($C10,Sessions!$K$4)-MAX($B10,Sessions!$C$4))*24,G10) -> 2.75 | M10: =IF(Sessions!$L$5="Yes",Sessions!$I$5*MAX(0,MIN($C10,Sessions!$K$5)-MAX($B10,Sessions!$C$5))*24,H10) -> 2.75 | N10: =IF(Sessions!$L$6="Yes",Sessions!$I$6*MAX(0,MIN($C10,Sessions!$K$6)-MAX($B10,Sessions!$C$6))*24,I10) -> 1.85 | O10: =IF(Sessions!$L$7="Yes",Sessions!$I$7*MAX(0,MIN($C10,Sessions!$K$7)-MAX($B10,Sessions!$C$7))*24,J10) -> 0 | P10: =IF(Sessions!$L$8="Yes",Sessions!$I$8*MAX(0,MIN($C10,Sessions!$K$8)-MAX($B10,Sessions!$C$8))*24,K10) -> 0 | Q10: =SUM(G10:K10) -> 0 | R10: =SUM(L10:P10) -> 7.35 | S10: =MAX(0,F10-Q10) -> 1.5 | T10: =F10/Inputs!$B$4 -> 6 | U10: =(S10+R10)/Inputs!$B$4 -> 35.4 | V10: =MAX(0,R10-Q10) -> 7.35
A11: 8 | B11: 46307.74 | C11: =B11+1/96 -> 46307.75 | D11: 0.32 | E11: 0.45 | F11: 1.5 | G11: =Sessions!$N$4*MAX(0,MIN($C11,Sessions!$O$4)-MAX($B11,Sessions!$M$4))*24 -> 0 | H11: =Sessions!$N$5*MAX(0,MIN($C11,Sessions!$O$5)-MAX($B11,Sessions!$M$5))*24 -> 0 | I11: =Sessions!$N$6*MAX(0,MIN($C11,Sessions!$O$6)-MAX($B11,Sessions!$M$6))*24 -> 0 | J11: =Sessions!$N$7*MAX(0,MIN($C11,Sessions!$O$7)-MAX($B11,Sessions!$M$7))*24 -> 0 | K11: =Sessions!$N$8*MAX(0,MIN($C11,Sessions!$O$8)-MAX($B11,Sessions!$M$8))*24 -> 0 | L11: =IF(Sessions!$L$4="Yes",Sessions!$I$4*MAX(0,MIN($C11,Sessions!$K$4)-MAX($B11,Sessions!$C$4))*24,G11) -> 2.75 | M11: =IF(Sessions!$L$5="Yes",Sessions!$I$5*MAX(0,MIN($C11,Sessions!$K$5)-MAX($B11,Sessions!$C$5))*24,H11) -> 2.75 | N11: =IF(Sessions!$L$6="Yes",Sessions!$I$6*MAX(0,MIN($C11,Sessions!$K$6)-MAX($B11,Sessions!$C$6))*24,I11) -> 1.85 | O11: =IF(Sessions!$L$7="Yes",Sessions!$I$7*MAX(0,MIN($C11,Sessions!$K$7)-MAX($B11,Sessions!$C$7))*24,J11) -> 0 | P11: =IF(Sessions!$L$8="Yes",Sessions!$I$8*MAX(0,MIN($C11,Sessions!$K$8)-MAX($B11,Sessions!$C$8))*24,K11) -> 0 | Q11: =SUM(G11:K11) -> 0 | R11: =SUM(L11:P11) -> 7.35 | S11: =MAX(0,F11-Q11) -> 1.5 | T11: =F11/Inputs!$B$4 -> 6 | U11: =(S11+R11)/Inputs!$B$4 -> 35.4 | V11: =MAX(0,R11-Q11) -> 7.35
A12: 9 | B12: 46307.75 | C12: =B12+1/96 -> 46307.76 | D12: 0.32 | E12: 0.45 | F12: 1 | G12: =Sessions!$N$4*MAX(0,MIN($C12,Sessions!$O$4)-MAX($B12,Sessions!$M$4))*24 -> 0 | H12: =Sessions!$N$5*MAX(0,MIN($C12,Sessions!$O$5)-MAX($B12,Sessions!$M$5))*24 -> 0 | I12: =Sessions!$N$6*MAX(0,MIN($C12,Sessions!$O$6)-MAX($B12,Sessions!$M$6))*24 -> 0 | J12: =Sessions!$N$7*MAX(0,MIN($C12,Sessions!$O$7)-MAX($B12,Sessions!$M$7))*24 -> 0 | K12: =Sessions!$N$8*MAX(0,MIN($C12,Sessions!$O$8)-MAX($B12,Sessions!$M$8))*24 -> 0 | L12: =IF(Sessions!$L$4="Yes",Sessions!$I$4*MAX(0,MIN($C12,Sessions!$K$4)-MAX($B12,Sessions!$C$4))*24,G12) -> 2.75 | M12: =IF(Sessions!$L$5="Yes",Sessions!$I$5*MAX(0,MIN($C12,Sessions!$K$5)-MAX($B12,Sessions!$C$5))*24,H12) -> 2.75 | N12: =IF(Sessions!$L$6="Yes",Sessions!$I$6*MAX(0,MIN($C12,Sessions!$K$6)-MAX($B12,Sessions!$C$6))*24,I12) -> 1.85 | O12: =IF(Sessions!$L$7="Yes",Sessions!$I$7*MAX(0,MIN($C12,Sessions!$K$7)-MAX($B12,Sessions!$C$7))*24,J12) -> 4 | P12: =IF(Sessions!$L$8="Yes",Sessions!$I$8*MAX(0,MIN($C12,Sessions!$K$8)-MAX($B12,Sessions!$C$8))*24,K12) -> 0 | Q12: =SUM(G12:K12) -> 0 | R12: =SUM(L12:P12) -> 11.35 | S12: =MAX(0,F12-Q12) -> 1 | T12: =F12/Inputs!$B$4 -> 4 | U12: =(S12+R12)/Inputs!$B$4 -> 49.4 | V12: =MAX(0,R12-Q12) -> 11.35
A13: 10 | B13: 46307.76 | C13: =B13+1/96 -> 46307.771 | D13: 0.32 | E13: 0.45 | F13: 1 | G13: =Sessions!$N$4*MAX(0,MIN($C13,Sessions!$O$4)-MAX($B13,Sessions!$M$4))*24 -> 0 | H13: =Sessions!$N$5*MAX(0,MIN($C13,Sessions!$O$5)-MAX($B13,Sessions!$M$5))*24 -> 0 | I13: =Sessions!$N$6*MAX(0,MIN($C13,Sessions!$O$6)-MAX($B13,Sessions!$M$6))*24 -> 0 | J13: =Sessions!$N$7*MAX(0,MIN($C13,Sessions!$O$7)-MAX($B13,Sessions!$M$7))*24 -> 0 | K13: =Sessions!$N$8*MAX(0,MIN($C13,Sessions!$O$8)-MAX($B13,Sessions!$M$8))*24 -> 0 | L13: =IF(Sessions!$L$4="Yes",Sessions!$I$4*MAX(0,MIN($C13,Sessions!$K$4)-MAX($B13,Sessions!$C$4))*24,G13) -> 2.75 | M13: =IF(Sessions!$L$5="Yes",Sessions!$I$5*MAX(0,MIN($C13,Sessions!$K$5)-MAX($B13,Sessions!$C$5))*24,H13) -> 2.75 | N13: =IF(Sessions!$L$6="Yes",Sessions!$I$6*MAX(0,MIN($C13,Sessions!$K$6)-MAX($B13,Sessions!$C$6))*24,I13) -> 1.85 | O13: =IF(Sessions!$L$7="Yes",Sessions!$I$7*MAX(0,MIN($C13,Sessions!$K$7)-MAX($B13,Sessions!$C$7))*24,J13) -> 4 | P13: =IF(Sessions!$L$8="Yes",Sessions!$I$8*MAX(0,MIN($C13,Sessions!$K$8)-MAX($B13,Sessions!$C$8))*24,K13) -> 0 | Q13: =SUM(G13:K13) -> 0 | R13: =SUM(L13:P13) -> 11.35 | S13: =MAX(0,F13-Q13) -> 1 | T13: =F13/Inputs!$B$4 -> 4 | U13: =(S13+R13)/Inputs!$B$4 -> 49.4 | V13: =MAX(0,R13-Q13) -> 11.35
A14: 11 | B14: 46307.771 | C14: =B14+1/96 -> 46307.781 | D14: 0.32 | E14: 0.45 | F14: 1 | G14: =Sessions!$N$4*MAX(0,MIN($C14,Sessions!$O$4)-MAX($B14,Sessions!$M$4))*24 -> 0 | H14: =Sessions!$N$5*MAX(0,MIN($C14,Sessions!$O$5)-MAX($B14,Sessions!$M$5))*24 -> 0 | I14: =Sessions!$N$6*MAX(0,MIN($C14,Sessions!$O$6)-MAX($B14,Sessions!$M$6))*24 -> 0 | J14: =Sessions!$N$7*MAX(0,MIN($C14,Sessions!$O$7)-MAX($B14,Sessions!$M$7))*24 -> 0 | K14: =Sessions!$N$8*MAX(0,MIN($C14,Sessions!$O$8)-MAX($B14,Sessions!$M$8))*24 -> 0 | L14: =IF(Sessions!$L$4="Yes",Sessions!$I$4*MAX(0,MIN($C14,Sessions!$K$4)-MAX($B14,Sessions!$C$4))*24,G14) -> 2.75 | M14: =IF(Sessions!$L$5="Yes",Sessions!$I$5*MAX(0,MIN($C14,Sessions!$K$5)-MAX($B14,Sessions!$C$5))*24,H14) -> 2.75 | N14: =IF(Sessions!$L$6="Yes",Sessions!$I$6*MAX(0,MIN($C14,Sessions!$K$6)-MAX($B14,Sessions!$C$6))*24,I14) -> 1.85 | O14: =IF(Sessions!$L$7="Yes",Sessions!$I$7*MAX(0,MIN($C14,Sessions!$K$7)-MAX($B14,Sessions!$C$7))*24,J14) -> 4 | P14: =IF(Sessions!$L$8="Yes",Sessions!$I$8*MAX(0,MIN($C14,Sessions!$K$8)-MAX($B14,Sessions!$C$8))*24,K14) -> 0 | Q14: =SUM(G14:K14) -> 0 | R14: =SUM(L14:P14) -> 11.35 | S14: =MAX(0,F14-Q14) -> 1 | T14: =F14/Inputs!$B$4 -> 4 | U14: =(S14+R14)/Inputs!$B$4 -> 49.4 | V14: =MAX(0,R14-Q14) -> 11.35
A15: 12 | B15: 46307.781 | C15: =B15+1/96 -> 46307.792 | D15: 0.32 | E15: 0.45 | F15: 1 | G15: =Sessions!$N$4*MAX(0,MIN($C15,Sessions!$O$4)-MAX($B15,Sessions!$M$4))*24 -> 0 | H15: =Sessions!$N$5*MAX(0,MIN($C15,Sessions!$O$5)-MAX($B15,Sessions!$M$5))*24 -> 0 | I15: =Sessions!$N$6*MAX(0,MIN($C15,Sessions!$O$6)-MAX($B15,Sessions!$M$6))*24 -> 0 | J15: =Sessions!$N$7*MAX(0,MIN($C15,Sessions!$O$7)-MAX($B15,Sessions!$M$7))*24 -> 0 | K15: =Sessions!$N$8*MAX(0,MIN($C15,Sessions!$O$8)-MAX($B15,Sessions!$M$8))*24 -> 0 | L15: =IF(Sessions!$L$4="Yes",Sessions!$I$4*MAX(0,MIN($C15,Sessions!$K$4)-MAX($B15,Sessions!$C$4))*24,G15) -> 2.75 | M15: =IF(Sessions!$L$5="Yes",Sessions!$I$5*MAX(0,MIN($C15,Sessions!$K$5)-MAX($B15,Sessions!$C$5))*24,H15) -> 2.75 | N15: =IF(Sessions!$L$6="Yes",Sessions!$I$6*MAX(0,MIN($C15,Sessions!$K$6)-MAX($B15,Sessions!$C$6))*24,I15) -> 1.85 | O15: =IF(Sessions!$L$7="Yes",Sessions!$I$7*MAX(0,MIN($C15,Sessions!$K$7)-MAX($B15,Sessions!$C$7))*24,J15) -> 4 | P15: =IF(Sessions!$L$8="Yes",Sessions!$I$8*MAX(0,MIN($C15,Sessions!$K$8)-MAX($B15,Sessions!$C$8))*24,K15) -> 0 | Q15: =SUM(G15:K15) -> 0 | R15: =SUM(L15:P15) -> 11.35 | S15: =MAX(0,F15-Q15) -> 1 | T15: =F15/Inputs!$B$4 -> 4 | U15: =(S15+R15)/Inputs!$B$4 -> 49.4 | V15: =MAX(0,R15-Q15) -> 11.35
... A67: 64 | B67: 46308.323 | C67: =B67+1/96 -> 46308.333 | D67: 0.26 | E67: 0.4 | F67: 1.25 | G67: =Sessions!$N$4*MAX(0,MIN($C67,Sessions!$O$4)-MAX($B67,Sessions!$M$4))*24 -> 0 | H67: =Sessions!$N$5*MAX(0,MIN($C67,Sessions!$O$5)-MAX($B67,Sessions!$M$5))*24 -> 0 | I67: =Sessions!$N$6*MAX(0,MIN($C67,Sessions!$O$6)-MAX($B67,Sessions!$M$6))*24 -> 0 | J67: =Sessions!$N$7*MAX(0,MIN($C67,Sessions!$O$7)-MAX($B67,Sessions!$M$7))*24 -> 0 | K67: =Sessions!$N$8*MAX(0,MIN($C67,Sessions!$O$8)-MAX($B67,Sessions!$M$8))*24 -> 0 | L67: =IF(Sessions!$L$4="Yes",Sessions!$I$4*MAX(0,MIN($C67,Sessions!$K$4)-MAX($B67,Sessions!$C$4))*24,G67) -> 0 | M67: =IF(Sessions!$L$5="Yes",Sessions!$I$5*MAX(0,MIN($C67,Sessions!$K$5)-MAX($B67,Sessions!$C$5))*24,H67) -> 0 | N67: =IF(Sessions!$L$6="Yes",Sessions!$I$6*MAX(0,MIN($C67,Sessions!$K$6)-MAX($B67,Sessions!$C$6))*24,I67) -> 0 | O67: =IF(Sessions!$L$7="Yes",Sessions!$I$7*MAX(0,MIN($C67,Sessions!$K$7)-MAX($B67,Sessions!$C$7))*24,J67) -> 0 | P67: =IF(Sessions!$L$8="Yes",Sessions!$I$8*MAX(0,MIN($C67,Sessions!$K$8)-MAX($B67,Sessions!$C$8))*24,K67) -> 0 | Q67: =SUM(G67:K67) -> 0 | R67: =SUM(L67:P67) -> 0 | S67: =MAX(0,F67-Q67) -> 1.25 | T67: =F67/Inputs!$B$4 -> 5 | U67: =(S67+R67)/Inputs!$B$4 -> 5 | V67: =MAX(0,R67-Q67) -> 0
A68: Total | F68: =SUM(F4:F67) -> 224 | G68: =SUM(G4:G67) -> 40 | H68: =SUM(H4:H67) -> 35 | I68: =SUM(I4:I67) -> 30 | J68: =SUM(J4:J67) -> 45 | K68: =SUM(K4:K67) -> 12 | L68: =SUM(L4:L67) -> 40 | M68: =SUM(M4:M67) -> 35 | ... S68: =SUM(S4:S67) -> 62 | V68: =SUM(V4:V67) -> 143.35
A70: Prices, hourly factors and grid meter values are ILLUSTRATIVE. Grid meter M_k = synthetic base load (6/4/3/5 kW by time of day) + actual EV energy.

Sheet Results
A1: Results – baseline vs actual (illustrative)
A3: KPI | B3: Baseline (B) | C3: Actual (A) | D3: Difference (B − A) | E3: Unit | F3: Formula reference
A4: K1 Energy delivered | B4: =Intervals!R68 -> 162 | C4: =Intervals!Q68 -> 162 | D4: =ROUND(B4-C4,6) -> 0 | E4: kWh | F4: §4.4 – identical by construction; no energy saving claimed
A5: K1 Energy shifted | D5: =Intervals!V68 -> 143.35 | E5: kWh | F5: §4.4 – Σ max(0, EV_B − EV_A)
A6: K2 Peak site demand | B6: =MAX(Intervals!U4:U67) -> 54.2 | C6: =MAX(Intervals!T4:T67) -> 28 | D6: =B6-C6 -> 26.2 | E6: kW | F6: §4.5
A7: K3 Energy cost | B7: =SUMPRODUCT(Intervals!D4:D67,Intervals!R4:R67) -> 51.468 | C7: =SUMPRODUCT(Intervals!D4:D67,Intervals!Q4:Q67) -> 35.568 | D7: =B7-C7 -> 15.9 | E7: € | F7: §4.6 – EV energy only; time-varying illustrative prices
A8: K3 Demand cost (pro-rated) | B8: =Inputs!$B$5*B6*Inputs!$B$6/12 -> 451.66667 | C8: =Inputs!$B$5*C6*Inputs!$B$6/12 -> 233.33333 | D8: =B8-C8 -> 218.33333 | E8: € | F8: §4.6 – λ × P × m/12 (rule 7)
A9: K3 Total cost | B9: =B7+B8 -> 503.13467 | C9: =C7+C8 -> 268.90133 | D9: =B9-C9 -> 234.23333 | E9: € | F9: §4.6
A10: K4 Emissions – official (annual factor) | B10: =Inputs!$B$7*B4 -> 61.56 | C10: =Inputs!$B$7*C4 -> 61.56 | D10: =ROUND(B10-C10,6) -> 0 | E10: kg CO2e | F10: §4.7 – Scope 2 location-based; zero difference by design (rule 8)
A11: K4 Emissions – hourly (supplementary) | B11: =SUMPRODUCT(Intervals!E4:E67,Intervals!R4:R67) -> 72.5745 | C11: =SUMPRODUCT(Intervals!E4:E67,Intervals!Q4:Q67) -> 56.982 | D11: =B11-C11 -> 15.5925 | E11: kg CO2e | F11: §4.7 – shift effect, reported separately, never a Scope 2 reduction
A13: Peak above connection limit? | B13: =IF(B6>Inputs!$B$8,"Baseline exceeds limit","Within limit") -> Within limit | C13: =IF(C6>Inputs!$B$8,"Actual exceeds limit","Within limit") -> Within limit
A15: Reading the results: the depot delivers the same energy in both cases (K1). Managed charging lowers the site peak (K2), which lowers the demand charge, and moves energy to cheaper night hours (K3). Official emissions are unchanged (K4, rule 8); the hourly shift effect is shown only as a supplementary indicator.

Sheet Checks
A1: Checks (methodology §6.1)
A3: Session | B3: E_i (kWh) | C3: Σ actual in intervals | D3: Σ baseline in intervals | E3: Actual reconciles? | F3: Baseline reconciles? | G3: Actual within plug window? | H3: Baseline feasible?
A4: =Sessions!A4 -> S1 | B4: =Sessions!E4 -> 40 | C4: =Intervals!G68 -> 40 | D4: =Intervals!L68 -> 40 | E4: =IF(ABS(C4-B4)<0.001,"OK","Mismatch") -> OK | F4: =IF(ABS(D4-B4)<0.001,"OK","Mismatch") -> OK | G4: =Sessions!P4 -> OK | H4: =Sessions!L4 -> Yes
A5: =Sessions!A5 -> S2 | B5: =Sessions!E5 -> 35 | C5: =Intervals!H68 -> 35 | D5: =Intervals!M68 -> 35 | E5: =IF(ABS(C5-B5)<0.001,"OK","Mismatch") -> OK | F5: =IF(ABS(D5-B5)<0.001,"OK","Mismatch") -> OK | G5: =Sessions!P5 -> OK | H5: =Sessions!L5 -> Yes
A6: =Sessions!A6 -> S3 | B6: =Sessions!E6 -> 30 | C6: =Intervals!I68 -> 30 | D6: =Intervals!N68 -> 30 | E6: =IF(ABS(C6-B6)<0.001,"OK","Mismatch") -> OK | F6: =IF(ABS(D6-B6)<0.001,"OK","Mismatch") -> OK | G6: =Sessions!P6 -> OK | H6: =Sessions!L6 -> Yes
A7: =Sessions!A7 -> S4 | B7: =Sessions!E7 -> 45 | C7: =Intervals!J68 -> 45 | D7: =Intervals!O68 -> 45 | E7: =IF(ABS(C7-B7)<0.001,"OK","Mismatch") -> OK | F7: =IF(ABS(D7-B7)<0.001,"OK","Mismatch") -> OK | G7: =Sessions!P7 -> OK | H7: =Sessions!L7 -> Yes
A8: =Sessions!A8 -> S5 | B8: =Sessions!E8 -> 12 | C8: =Intervals!K68 -> 12 | D8: =Intervals!P68 -> 12 | E8: =IF(ABS(C8-B8)<0.001,"OK","Mismatch") -> OK | F8: =IF(ABS(D8-B8)<0.001,"OK","Mismatch") -> OK | G8: =Sessions!P8 -> OK | H8: =Sessions!L8 -> No (rule 5)
A10: Grid meter ≥ EV actual in every interval | E10: =IF(SUMPRODUCT(--(Intervals!F4:F67<Intervals!Q4:Q67-0.0001))=0,"OK","Flag") -> OK
A11: Intervals present (expect 64) | E11: =IF(COUNT(Intervals!B4:B67)=64,"OK","Missing") -> OK
